first_name,last_name,email,gender,date_of_birth,country_of_birth
Mame,Hooban,mhooban0@wordpress.org,Female,2025-02-14,Austria
Wallas,Mathan,wmathan1@naver.com,Male,2024-06-07,Argentina
Giorgi,Jelly,,Male,2024-04-09,Argentina
Neddy,Ketts,,Agender,2024-09-26,Brazil
Saunders,Zellick,,Male,2024-10-24,Sweden
Culver,Kubanek,ckubanek5@hugedomains.com,Male,2024-12-18,Indonesia
Lou,Cluelow,lcluelow6@wisc.edu,Male,2024-09-29,Uruguay
Bary,Jerschke,,Male,2024-10-24,China
Tann,Alenov,,Male,2024-12-07,Portugal
Valenka,Colling,,Female,2024-05-09,Colombia
Felecia,Bartles,,Female,2024-06-20,Indonesia
Mallory,Marcq,mmarcqb@edublogs.org,Male,2024-12-16,El Salvador
Brnaba,Ganders,,Agender,2024-08-09,Syria
Rockie,Binne,rbinned@cnbc.com,Bigender,2024-10-30,Philippines
Laurene,Cokly,,Female,2025-04-04,Canada
Lonny,Mountford,lmountfordf@craigslist.org,Male,2024-04-19,Poland
Melitta,MacNaughton,mmacnaughtong@nsw.gov.au,Female,2024-08-18,Portugal
Ceciley,Muzzi,cmuzzih@foxnews.com,Female,2024-08-29,Russia
Flss,Bullene,,Female,2024-06-20,Micronesia
Gay,Flecknoe,gflecknoej@ucsd.edu,Male,2024-10-16,Slovenia
Aggy,Klulik,,Female,2024-06-25,Portugal
Celinka,Mabbott,cmabbottl@dropbox.com,Female,2024-09-15,France
Ware,Cheak,wcheakm@tinypic.com,Male,2024-07-14,United States
Beth,Hampshire,bhampshiren@slashdot.org,Female,2024-06-30,Poland
Akim,Ivanov,,Male,2024-09-08,Pakistan
Alisa,Manser,amanserp@wix.com,Female,2024-12-11,Russia
Aggie,Dunrige,adunrigeq@statcounter.com,Female,2024-09-24,Comoros
Sloan,Blasing,,Male,2024-12-19,Philippines
Lind,Brokenshaw,lbrokenshaws@clickbank.net,Male,2024-07-11,Madagascar
Denna,Crackett,dcrackettt@usatoday.com,Female,2024-10-31,Indonesia
Gnni,Spada,,Female,2024-07-11,China
Dacy,Gillum,,Female,2025-02-17,Croatia
Wilhelm,Othen,wothenw@amazon.de,Male,2024-08-25,Indonesia
Christina,Lackie,clackiex@mozilla.org,Female,2024-09-05,China
Jermaine,Summerskill,jsummerskilly@jugem.jp,Male,2024-06-01,Philippines
Shandy,Worthington,,Female,2024-11-24,Czech Republic
Morly,Sired,,Male,2025-04-08,Brazil
Mic,Veysey,mveysey11@google.de,Male,2024-10-21,Brazil
Meredith,Yabsley,myabsley12@fc2.com,Female,2024-07-29,France
Shanda,Houndsom,shoundsom13@netscape.com,Polygender,2024-07-16,China
Urbano,Mullan,umullan14@nba.com,Male,2025-01-31,Indonesia
Marietta,Tuft,mtuft15@fastcompany.com,Female,2025-01-10,Philippines
Claudianus,Fadell,cfadell16@soup.io,Male,2024-05-02,Russia
Doralyn,Yorkston,dyorkston17@rakuten.co.jp,Polygender,2024-09-21,Indonesia
Baily,Meconi,bmeconi18@rediff.com,Male,2024-11-24,Greece
Ingelbert,Hannant,ihannant19@disqus.com,Male,2024-12-25,Argentina
Layne,Coo,lcoo1a@disqus.com,Female,2025-03-09,Philippines
Jenda,Sargerson,jsargerson1b@umich.edu,Female,2024-10-27,Indonesia
Jenda,Prene,jprene1c@ca.gov,Polygender,2025-03-12,Ukraine
Desmund,Episcopi,,Male,2024-11-15,Philippines
Ursulina,Kilgrew,ukilgrew1e@nih.gov,Female,2025-03-15,China
Donnie,Everix,deverix1f@va.gov,Female,2024-10-12,Brazil
Darlene,Calcott,dcalcott1g@bloglines.com,Female,2024-09-04,Poland
Bronny,Mar,,Male,2025-03-01,United States
Star,Crathern,scrathern1i@posterous.com,Polygender,2024-08-19,North Korea
Roda,Cowan,rcowan1j@oaic.gov.au,Female,2025-03-14,China
Nollie,Maker,nmaker1k@google.fr,Female,2024-06-28,Sweden
Reg,Ringham,rringham1l@g.co,Male,2025-03-26,Malaysia
Mendel,Jeavon,mjeavon1m@stanford.edu,Male,2024-11-22,Indonesia
Reggis,Minster,,Male,2024-04-29,China
Roi,Ternault,rternault1o@unicef.org,Male,2024-12-27,Indonesia
Francoise,Zecchi,fzecchi1p@reverbnation.com,Female,2025-01-13,China
Shep,Kahler,skahler1q@reddit.com,Male,2024-05-01,China
Poul,Kensley,pkensley1r@t-online.de,Male,2024-10-02,China
Lazar,Nesbitt,lnesbitt1s@ebay.co.uk,Male,2024-05-12,Philippines
Peterus,Smaling,psmaling1t@dailymotion.com,Male,2025-01-23,Brazil
Gawen,Grishenkov,,Male,2024-11-05,Japan
Rocky,Wahlberg,rwahlberg1v@timesonline.co.uk,Male,2024-10-26,United States
Skip,Shewan,,Non-binary,2024-08-15,Indonesia
Sterne,Grushin,,Genderqueer,2025-02-13,Japan
Shirleen,Fausch,sfausch1y@hatena.ne.jp,Female,2025-01-11,Russia
Giorgio,Bracci,gbracci1z@si.edu,Male,2025-02-01,China
Gordon,MacDiarmid,gmacdiarmid20@sohu.com,Male,2025-02-03,China
Benjy,McPhail,bmcphail21@sogou.com,Male,2024-04-21,Afghanistan
Web,Raselles,wraselles22@icq.com,Male,2025-03-09,Indonesia
Deloria,Wyeth,dwyeth23@unicef.org,Female,2024-05-10,Cyprus
Alene,Prevett,aprevett24@netlog.com,Female,2024-09-26,Russia
Marlane,Jouanny,mjouanny25@purevolume.com,Female,2024-07-23,France
Paulita,Flann,pflann26@list-manage.com,Female,2024-07-06,China
Sauveur,Norker,snorker27@army.mil,Male,2025-02-24,Indonesia
Candy,Gayton,cgayton28@blog.com,Female,2025-02-14,Indonesia
Jen,Learie,,Female,2024-04-24,France
Conrade,Monkhouse,cmonkhouse2a@godaddy.com,Male,2024-12-26,Philippines
Zsa zsa,Fanthom,zfanthom2b@sciencedaily.com,Female,2024-08-19,Guatemala
Lorenzo,Golston,,Male,2025-04-02,Botswana
Merwyn,Beneze,mbeneze2d@dagondesign.com,Male,2024-06-18,Philippines
Heloise,Ledwitch,,Polygender,2024-09-06,Sweden
Shawn,Cudmore,scudmore2f@flickr.com,Female,2024-11-26,Indonesia
Trescha,Bleasby,tbleasby2g@ted.com,Male,2024-07-23,Bulgaria
Glynn,Jakucewicz,gjakucewicz2h@ucoz.ru,Male,2024-06-21,Malaysia
Urbain,Sowersby,usowersby2i@vinaora.com,Male,2024-05-18,Armenia
Arron,Selbach,aselbach2j@nytimes.com,Male,2025-01-07,China
Bryn,Bremen,bbremen2k@fotki.com,Male,2024-07-16,Tanzania
Otto,Kilmister,okilmister2l@slate.com,Male,2024-11-24,Vietnam
Babbette,Lafay,blafay2m@xing.com,Female,2024-08-22,Guadeloupe
Mar,Ong,mong2n@bloglovin.com,Male,2024-12-02,China
Larisa,Ties,lties2o@tripadvisor.com,Female,2024-10-25,Russia
Timmi,Bristow,,Female,2024-08-07,Indonesia
Dallis,Segoe,dsegoe2q@ca.gov,Male,2024-04-24,China
Delphinia,Peret,dperet2r@hostgator.com,Female,2024-09-20,Czech Republic
Abie,Kleinmann,,Male,2024-12-25,Kazakhstan
Christoph,Brough,cbrough2t@storify.com,Agender,2024-12-14,Western Sahara
Wallis,Durling,wdurling2u@oaic.gov.au,Male,2024-07-23,Peru
Lesly,Stannis,lstannis2v@usatoday.com,Female,2025-02-22,Indonesia
Car,Tomkies,ctomkies2w@ebay.co.uk,Male,2025-03-09,Philippines
Lin,Crippin,lcrippin2x@free.fr,Male,2024-07-19,Argentina
Pierrette,Speeks,pspeeks2y@cdbaby.com,Female,2024-08-14,China
Aurelea,Bareham,abareham2z@miibeian.gov.cn,Bigender,2024-07-10,China
Kennie,Bertl,kbertl30@shareasale.com,Male,2024-11-24,Russia
Zedekiah,Borland,zborland31@google.co.jp,Male,2024-10-25,Argentina
Rakel,Dresche,,Female,2024-09-08,China
Geoff,Bentje,gbentje33@xrea.com,Male,2024-07-01,Poland
Cassius,Vorley,,Male,2024-08-11,Botswana
Jobi,Gabites,jgabites35@tuttocitta.it,Female,2025-02-06,Zambia
Dee,Damiata,ddamiata36@taobao.com,Non-binary,2024-09-30,Czech Republic
Vittoria,Tschursch,vtschursch37@blog.com,Female,2024-12-20,Indonesia
Guthry,Bonelle,,Male,2024-08-07,Thailand
Lilla,Brambill,lbrambill39@ow.ly,Female,2024-06-13,Croatia
Emyle,Darracott,edarracott3a@163.com,Genderqueer,2024-08-24,Antigua and Barbuda
Avrom,Blazdell,ablazdell3b@berkeley.edu,Male,2024-04-23,Ivory Coast
Gualterio,Cudbertson,,Male,2025-03-27,Nigeria
Davie,MacManus,dmacmanus3d@issuu.com,Male,2024-08-22,Spain
Quincy,Snasel,qsnasel3e@berkeley.edu,Genderfluid,2024-09-27,Poland
Les,Breinl,lbreinl3f@bandcamp.com,Male,2024-08-03,Indonesia
Guenevere,Bollins,gbollins3g@weather.com,Female,2025-03-28,Colombia
Hymie,Megson,,Genderqueer,2024-05-06,Croatia
Abdul,Scambler,ascambler3i@tiny.cc,Male,2025-04-03,Portugal
Gale,Oaten,,Female,2024-09-30,Zambia
Katlin,Szabo,kszabo3k@mlb.com,Female,2024-12-30,Czech Republic
Kerry,Fourman,,Male,2024-05-17,Vietnam
Anjela,Toupe,atoupe3m@addthis.com,Non-binary,2024-07-23,Brazil
Bradney,Bonhomme,bbonhomme3n@marketwatch.com,Bigender,2024-07-30,Indonesia
Ada,Damrell,,Female,2024-06-05,Philippines
Genni,Bladon,gbladon3p@washingtonpost.com,Female,2025-02-01,United States
Golda,Brabyn,gbrabyn3q@telegraph.co.uk,Female,2024-12-05,Honduras
Terese,Fairbridge,tfairbridge3r@narod.ru,Female,2024-09-29,Cuba
Katusha,Highton,,Female,2024-11-28,Peru
Ofelia,Porte,oporte3t@nydailynews.com,Female,2025-03-18,Honduras
Holly-anne,Tremblay,htremblay3u@artisteer.com,Female,2024-11-25,China
Clemmy,Acuna,cacuna3v@mapquest.com,Male,2025-02-09,China
Ag,Ramard,aramard3w@sfgate.com,Female,2024-04-17,Greece
Conan,Tooley,,Male,2025-03-26,Russia
Modesta,Parmer,,Female,2025-01-05,Brunei
Kerby,Wherrett,kwherrett3z@webnode.com,Male,2024-07-13,Czech Republic
Zorana,Burgin,zburgin40@usatoday.com,Female,2024-12-07,Malaysia
Thorndike,Spofforth,tspofforth41@smugmug.com,Male,2024-09-18,Benin
Kenyon,Brimilcombe,,Male,2024-11-15,China
Gerard,Reckus,greckus43@dion.ne.jp,Male,2024-08-04,Indonesia
Micaela,Cornelius,mcornelius44@hugedomains.com,Female,2024-09-09,Russia
Adelbert,Ainsworth,aainsworth45@list-manage.com,Bigender,2024-04-29,China
Boyce,Huncoot,,Male,2025-01-21,Dominican Republic
Sonya,Sisland,,Female,2025-03-09,China
Charlene,Garrigan,,Female,2024-10-12,Venezuela
Patsy,Arend,,Female,2024-12-31,Iran
Barbi,Cowpland,,Female,2024-12-21,China
Thibaud,Suddell,tsuddell4b@cargocollective.com,Male,2024-06-07,Syria
Cazzie,Ludwig,,Male,2024-06-14,Thailand
Culley,Pikhno,cpikhno4d@constantcontact.com,Bigender,2025-03-08,Indonesia
Laney,Sparwell,,Female,2024-05-06,United States
Audry,Karlolczak,akarlolczak4f@hostgator.com,Non-binary,2024-04-15,China
Betti,Cousins,bcousins4g@jigsy.com,Female,2024-05-13,Indonesia
Chev,Prise,cprise4h@histats.com,Male,2024-10-05,Croatia
Fonz,Pawley,fpawley4i@sina.com.cn,Male,2024-06-21,Venezuela
Dan,Basindale,,Male,2024-10-27,Indonesia
Dud,Boustred,dboustred4k@foxnews.com,Male,2024-10-08,Indonesia
Nataniel,Remirez,,Male,2024-09-27,Czech Republic
Shandy,Rase,srase4m@unesco.org,Female,2025-01-22,Greece
Alvie,Esbrook,,Male,2024-06-22,Japan
Bale,De Micoli,,Male,2024-08-02,China
Miguel,Musprat,mmusprat4p@salon.com,Male,2025-02-23,Iran
Glory,Botler,,Female,2024-08-29,Greece
Sheri,Smaridge,ssmaridge4r@friendfeed.com,Female,2024-09-24,France
Richie,Silver,rsilver4s@parallels.com,Male,2024-10-09,Israel
Deidre,Bertl,dbertl4t@taobao.com,Female,2025-01-01,Ukraine
Ludvig,Stefanovic,lstefanovic4u@adobe.com,Male,2025-03-24,China
Adriane,Jouhning,,Female,2024-05-06,Portugal
Damon,Primrose,,Male,2024-04-14,Ivory Coast
Ebba,MacMorland,,Female,2024-06-28,Brazil
Gerta,Tomenson,gtomenson4y@51.la,Female,2024-06-17,Sweden
Shane,Baudoux,sbaudoux4z@shareasale.com,Female,2025-01-06,Peru
Demeter,Polo,,Female,2024-05-19,Russia
Woodman,Rosetti,wrosetti51@google.com.au,Male,2025-02-14,China
Pattie,Haker,phaker52@scribd.com,Female,2025-01-06,Indonesia
Fayre,Hymans,fhymans53@sphinn.com,Female,2024-08-08,China
Xenia,Parkman,,Female,2024-07-06,Macedonia
Solomon,Breston,,Male,2024-07-03,Russia
Berry,Coleson,bcoleson56@netlog.com,Polygender,2024-05-05,Portugal
Zilvia,Bautiste,,Female,2024-09-23,Philippines
Elvin,Fenton,efenton58@constantcontact.com,Male,2024-11-20,Portugal
Gabbey,Fotheringham,gfotheringham59@telegraph.co.uk,Female,2024-08-27,Poland
Rufe,Pearcehouse,rpearcehouse5a@gmpg.org,Male,2025-01-30,China
Osborn,Clubley,oclubley5b@fema.gov,Male,2025-01-06,Indonesia
Dante,Scranedge,dscranedge5c@issuu.com,Male,2024-08-08,Brazil
Beau,Oppery,,Genderfluid,2024-10-03,Philippines
Tan,Tincey,,Male,2024-07-12,Philippines
Reeba,Wear,rwear5f@state.gov,Female,2025-01-21,China
Quinn,Full,,Genderqueer,2024-10-31,Peru
Walton,Flucks,wflucks5h@parallels.com,Male,2025-02-12,China
Stuart,Summerrell,ssummerrell5i@mtv.com,Male,2024-08-19,China
Sebastian,Gookey,sgookey5j@marriott.com,Male,2024-08-27,Indonesia
Pierrette,Blacket,pblacket5k@mayoclinic.com,Female,2024-08-13,Bulgaria
Corty,Hakey,chakey5l@comsenz.com,Male,2024-11-09,Thailand
Mandy,Norcross,mnorcross5m@com.com,Female,2024-04-17,Argentina
Alvie,Bletsor,abletsor5n@live.com,Male,2025-01-27,China
Red,Wayper,rwayper5o@aboutads.info,Male,2025-03-07,Canada
Margaret,Duetschens,mduetschens5p@twitpic.com,Female,2025-01-23,United States
Eran,Romain,eromain5q@opensource.org,Female,2024-10-22,Russia
Kirby,Kingscote,,Female,2025-03-24,Ukraine
Mirabel,Bartrum,mbartrum5s@cbsnews.com,Female,2024-04-25,Indonesia
Barbabas,Oldman,boldman5t@hostgator.com,Male,2024-12-27,China
Eadie,Wethered,,Female,2025-01-02,Sweden
Standford,Whickman,swhickman5v@yolasite.com,Polygender,2024-09-12,Indonesia
Evangelina,Gibben,egibben5w@rediff.com,Female,2024-08-04,Philippines
Kippar,Gammett,kgammett5x@narod.ru,Male,2024-05-15,Peru
Markus,Thackham,,Male,2025-03-28,Philippines
Hallsy,Duthie,hduthie5z@constantcontact.com,Male,2024-08-08,Philippines
Basil,Givens,bgivens60@weather.com,Male,2024-04-20,Philippines
Germaine,Roseby,groseby61@blogger.com,Genderfluid,2024-07-24,Pakistan
Dunstan,Soles,,Male,2024-08-09,Greece
Neron,Piddington,npiddington63@people.com.cn,Male,2025-01-05,Nicaragua
Joannes,McLice,jmclice64@tmall.com,Female,2024-06-02,Egypt
Fidelio,Tesoe,ftesoe65@ucoz.com,Male,2024-07-18,Indonesia
Dalston,Merioth,dmerioth66@wix.com,Male,2025-01-10,Indonesia
Robinetta,Cullum,rcullum67@businessinsider.com,Female,2024-09-03,Russia
Lazar,Casali,lcasali68@chron.com,Male,2024-08-29,Indonesia
Maurizia,McAdam,mmcadam69@cafepress.com,Female,2024-07-10,Indonesia
Bank,Sitwell,bsitwell6a@naver.com,Male,2024-12-18,China
Susanna,Rounding,srounding6b@weebly.com,Female,2024-11-28,Japan
Kat,Clemmey,kclemmey6c@google.co.jp,Female,2024-07-08,Indonesia
Carry,Lavens,clavens6d@live.com,Female,2025-01-17,Russia
Jonathan,Ogilvy,jogilvy6e@dedecms.com,Male,2024-12-21,China
Donny,Deschelle,ddeschelle6f@shutterfly.com,Bigender,2025-03-03,Russia
Janine,Boost,,Female,2025-01-20,China
Renie,Wimpress,rwimpress6h@phoca.cz,Female,2024-04-24,China
Devina,Brundrett,dbrundrett6i@jiathis.com,Female,2024-10-18,France
Blake,Shepperd,bshepperd6j@oakley.com,Female,2025-01-06,Indonesia
Elli,Hearley,ehearley6k@istockphoto.com,Female,2025-03-27,Latvia
Xerxes,Gierhard,xgierhard6l@theatlantic.com,Male,2025-01-01,China
Elana,Marwood,,Female,2024-08-26,Indonesia
Rubi,Croucher,rcroucher6n@livejournal.com,Female,2024-11-21,Russia
Merrile,Tomaszewicz,mtomaszewicz6o@sohu.com,Female,2025-03-16,Portugal
Tam,Farny,tfarny6p@twitter.com,Male,2024-10-10,Poland
Ermengarde,Hoy,,Female,2025-01-19,Cuba
Gordie,Jerman,gjerman6r@smugmug.com,Male,2024-10-07,Philippines
Gearard,Gavahan,,Bigender,2024-12-27,Uganda
Melicent,Wayland,,Female,2025-01-18,Poland
Huntley,Molen,hmolen6u@cdc.gov,Male,2024-06-03,Philippines
Johannes,Anderbrugge,janderbrugge6v@tinyurl.com,Male,2024-11-10,Indonesia
Wilden,Basford,wbasford6w@pen.io,Male,2024-08-24,Serbia
Sully,Graysmark,sgraysmark6x@archive.org,Bigender,2025-02-05,Chile
Yvor,Piell,,Male,2025-03-30,Colombia
Evita,Aird,eaird6z@networkadvertising.org,Female,2024-06-10,China
Joni,Nanelli,jnanelli70@posterous.com,Female,2024-12-11,Uganda
Alexis,Folkard,,Bigender,2025-02-22,China
Arlette,Berringer,aberringer72@liveinternet.ru,Female,2024-07-03,Brazil
Arlan,Pavlenko,,Polygender,2024-05-05,Thailand
Myron,Fairhead,mfairhead74@quantcast.com,Male,2024-07-09,France
Cirilo,Fuster,cfuster75@buzzfeed.com,Male,2025-01-29,Poland
Yolanda,Blas,,Female,2024-06-04,Tunisia
Thaxter,Marsie,tmarsie77@abc.net.au,Male,2024-04-12,Russia
Obediah,Amoore,,Male,2025-04-03,China
Milka,Doolan,mdoolan79@rakuten.co.jp,Female,2025-03-26,Thailand
Alisander,Cardall,,Male,2024-05-28,Indonesia
Marlon,Sothcott,msothcott7b@quantcast.com,Male,2024-05-11,Indonesia
Myrtie,Dongate,mdongate7c@marketwatch.com,Female,2024-04-17,Bosnia and Herzegovina
Lorant,Collen,,Male,2025-01-16,Indonesia
Thorsten,Main,tmain7e@diigo.com,Male,2024-10-18,Syria
Cyrus,McBrady,cmcbrady7f@vkontakte.ru,Male,2024-07-30,Iran
Arlen,Stoddard,astoddard7g@cornell.edu,Male,2025-01-22,Sri Lanka
Marie-jeanne,Roebottom,mroebottom7h@wp.com,Female,2024-08-26,Ethiopia
Valentine,Heffer,vheffer7i@paginegialle.it,Male,2024-08-26,Sweden
Persis,Shillum,pshillum7j@prnewswire.com,Female,2024-11-11,Canada
Tess,Crayke,tcrayke7k@t.co,Female,2024-07-04,Poland
Kristel,Squibbs,ksquibbs7l@ibm.com,Female,2025-03-30,Brazil
Mayer,Pilipets,mpilipets7m@fc2.com,Male,2024-06-18,Indonesia
Ezmeralda,Antonoczyk,eantonoczyk7n@ebay.com,Genderqueer,2024-07-10,Philippines
Cornelius,Dewdney,cdewdney7o@photobucket.com,Male,2024-08-18,France
Neala,Jobern,njobern7p@nymag.com,Polygender,2025-03-02,China
Dorian,Bulmer,dbulmer7q@php.net,Male,2024-10-28,Ethiopia
Susy,Radin,sradin7r@mail.ru,Female,2024-10-11,French Polynesia
Saloma,Cannavan,scannavan7s@last.fm,Female,2024-11-12,Armenia
Ekaterina,Armytage,earmytage7t@nps.gov,Female,2024-12-30,Tanzania
Ludwig,Cristoforo,,Male,2024-09-10,China
Cyndia,Mathew,cmathew7v@toplist.cz,Female,2024-09-08,Sweden
Martainn,Stubbington,mstubbington7w@quantcast.com,Male,2025-01-10,United States
Terrye,Lakey,tlakey7x@google.pl,Polygender,2024-07-21,France
Elsbeth,Kleinmann,ekleinmann7y@t-online.de,Genderqueer,2024-08-09,Serbia
Teodorico,Krochmann,tkrochmann7z@reddit.com,Male,2024-10-04,Brazil
Gabbey,Pearcehouse,,Female,2024-11-26,Greece
Curry,Pridham,,Male,2024-11-09,Indonesia
Debby,Duff,dduff82@google.es,Female,2024-10-04,China
Dulce,Searles,,Female,2024-12-01,China
Nikoletta,Beves,nbeves84@auda.org.au,Female,2024-10-01,Nigeria
Roxi,Mossdale,rmossdale85@reddit.com,Female,2024-10-12,China
Peyton,Rebillard,prebillard86@bandcamp.com,Male,2024-04-29,United States
Ofelia,Loveguard,,Female,2024-04-22,Portugal
Federica,Peer,,Female,2024-10-03,China
Kerry,Rivelin,krivelin89@goo.gl,Non-binary,2024-11-27,France
Carce,Eaglesham,ceaglesham8a@economist.com,Male,2024-06-26,Portugal
Florida,Jarvie,,Female,2025-02-25,Colombia
Adina,Fernie,,Female,2024-10-26,Poland
Bettye,Sibbson,bsibbson8d@fastcompany.com,Agender,2024-12-22,Sweden
Bette,Fraulo,bfraulo8e@youtube.com,Female,2025-01-03,Malta
Clemence,Henkmann,chenkmann8f@seesaa.net,Female,2024-06-07,Tajikistan
Chet,Stachini,,Male,2024-11-04,Indonesia
Claudia,McGillreich,,Female,2025-04-02,Costa Rica
Emanuele,Wonfar,ewonfar8i@phoca.cz,Male,2024-08-19,Costa Rica
Amandi,Kiley,,Female,2024-11-20,Indonesia
Craggie,Greendale,,Male,2024-12-26,China
Jayme,Semeniuk,jsemeniuk8l@desdev.cn,Male,2025-01-24,Guatemala
Addi,Cassley,acassley8m@newsvine.com,Female,2024-05-07,Russia
Helge,Bentzen,hbentzen8n@nba.com,Female,2024-06-09,Venezuela
Murdock,Ickovic,mickovic8o@hubpages.com,Male,2024-07-09,China
Barnett,Kingsnoad,bkingsnoad8p@usatoday.com,Male,2024-04-09,Morocco
Jsandye,Panons,,Non-binary,2024-12-14,Czech Republic
Gabie,Ross,gross8r@baidu.com,Male,2025-03-28,Russia
Dugald,Adne,dadne8s@vimeo.com,Male,2025-02-18,Brazil
Jeannie,Sebrook,jsebrook8t@1688.com,Genderqueer,2024-07-15,Russia
Tansy,Shenfish,tshenfish8u@aol.com,Female,2024-12-29,Brazil
Cort,Apps,capps8v@foxnews.com,Male,2024-12-10,Indonesia
Virgilio,Palay,vpalay8w@comsenz.com,Male,2024-09-10,Philippines
Zechariah,Botterman,zbotterman8x@netlog.com,Male,2024-05-04,China
Bradly,Dubbin,bdubbin8y@fema.gov,Male,2024-08-01,Netherlands
Tommi,Pyle,,Female,2024-08-22,Sweden
Emory,Marking,emarking90@un.org,Male,2025-01-04,Indonesia
Hugues,Aleksashin,haleksashin91@google.de,Male,2025-02-04,Indonesia
Krishnah,Doeg,,Male,2025-03-14,Brazil
Antonin,Haverty,,Male,2024-12-01,China
Mohandas,Stokes,mstokes94@themeforest.net,Male,2025-01-26,Sweden
Keefer,Northage,knorthage95@yellowbook.com,Male,2024-11-12,Norway
Perren,Hasely,,Male,2024-05-28,Indonesia
Amelina,Grisdale,agrisdale97@eepurl.com,Female,2025-02-26,China
Nanci,Illsley,nillsley98@seesaa.net,Female,2025-01-14,France
Colette,Steffan,csteffan99@princeton.edu,Female,2025-01-25,Greece
Maud,Elt,,Non-binary,2024-11-13,China
Dov,McPhillips,,Male,2025-02-04,China
Morey,Gilderoy,,Male,2025-01-21,Poland
Egbert,McKerrow,,Male,2024-12-03,Ireland
Raynard,Ludl,rludl9e@indiegogo.com,Male,2025-03-29,Portugal
Herman,Borel,hborel9f@wikimedia.org,Male,2024-06-16,United States
Maddi,Kimmel,mkimmel9g@indiegogo.com,Female,2025-01-03,Czech Republic
Dudley,Wilce,dwilce9h@pagesperso-orange.fr,Male,2025-02-19,Senegal
Agosto,Hail,ahail9i@harvard.edu,Male,2025-03-15,Russia
Christopher,Broady,cbroady9j@adobe.com,Male,2025-02-24,Brazil
Trev,Shegog,,Male,2024-10-21,Iran
Taddeo,Caunter,,Male,2024-07-07,United Kingdom
Janos,Milesap,jmilesap9m@privacy.gov.au,Male,2025-03-15,South Africa
Marita,Shimwell,mshimwell9n@msu.edu,Female,2024-09-08,Peru
Royall,Fremantle,,Male,2024-04-21,China
Carlos,Bellefant,,Genderfluid,2024-08-31,Greece
Garrett,Snowden,gsnowden9q@webnode.com,Male,2024-06-12,Sri Lanka
Marney,Bondar,mbondar9r@xrea.com,Female,2024-04-12,Peru
Bianka,Deplacido,bdeplacido9s@usgs.gov,Female,2024-12-27,Brazil
Hollis,Paudin,hpaudin9t@discuz.net,Male,2024-12-18,Poland
Artus,de Courcey,adecourcey9u@sciencedaily.com,Male,2024-11-30,Russia
Deloris,Abrahamsen,dabrahamsen9v@irs.gov,Non-binary,2025-04-04,Brazil
Selia,Springle,sspringle9w@people.com.cn,Female,2024-07-07,Finland
Hilarius,Moodie,hmoodie9x@hhs.gov,Male,2024-10-12,Afghanistan
Elna,Diggens,,Female,2024-12-02,China
Stephan,Rosgen,srosgen9z@ifeng.com,Male,2024-12-03,Mexico
Franklyn,Tuttiett,ftuttietta0@webnode.com,Male,2025-03-20,Kenya
Ira,Champain,,Male,2025-03-29,Greece
Willi,Howe,,Female,2024-07-22,Finland
Goldarina,Geaves,,Female,2024-10-20,Honduras
Harbert,Brockie,hbrockiea4@wiley.com,Male,2024-10-08,Brazil
Orion,Barwood,obarwooda5@seattletimes.com,Male,2024-12-04,Japan
Tatiana,MacFayden,tmacfaydena6@liveinternet.ru,Polygender,2024-11-16,Netherlands
Donall,Skittrall,dskittralla7@csmonitor.com,Genderqueer,2025-01-10,Malaysia
Gretal,Rogister,grogistera8@china.com.cn,Female,2024-04-23,China
Samaria,Winchcum,swinchcuma9@instagram.com,Female,2024-08-04,China
Valencia,Gowen,,Female,2024-11-12,United States
Vivian,Paolo,vpaoloab@github.com,Female,2024-12-28,Croatia
Stanislas,Northrop,snorthropac@cdbaby.com,Male,2025-01-17,China
Jamil,Sexon,,Male,2024-06-03,Ukraine
Karel,Patridge,kpatridgeae@altervista.org,Male,2024-12-19,China
Loretta,Junkison,ljunkisonaf@nature.com,Female,2024-07-16,South Africa
Alfred,Lowin,alowinag@utexas.edu,Male,2024-11-16,Peru
Cirstoforo,Pagan,cpaganah@storify.com,Male,2024-09-25,Ukraine
Cecilio,Petrusch,,Male,2024-05-10,Guatemala
Janek,Gilders,jgildersaj@squidoo.com,Male,2024-08-06,France
Charlotta,Maliphant,cmaliphantak@google.com,Agender,2024-04-21,Philippines
Bond,Heikkinen,bheikkinenal@wisc.edu,Agender,2024-04-26,Brazil
Bertine,Balloch,bballocham@msu.edu,Female,2025-03-02,Japan
Thurston,Poulston,tpoulstonan@zdnet.com,Male,2024-08-03,Indonesia
Bartie,Worden,bwordenao@house.gov,Male,2025-03-24,Japan
Karrah,Leebeter,kleebeterap@drupal.org,Female,2024-10-01,Bosnia and Herzegovina
Jorie,Rudloff,jrudloffaq@jugem.jp,Female,2024-09-18,Estonia
Melicent,Angeli,,Female,2025-03-22,Iran
Ezequiel,Whitham,ewhithamas@mayoclinic.com,Male,2024-11-28,China
Kip,O'Sullivan,kosullivanat@hc360.com,Female,2024-10-29,China
Dud,Bubb,,Male,2024-12-08,South Africa
Ansley,Dwyr,adwyrav@weibo.com,Female,2024-06-13,China
Minta,Reilly,,Female,2025-03-06,France
Kennie,Pammenter,kpammenterax@ucsd.edu,Male,2024-12-27,Canada
Bibi,Trigg,,Female,2024-11-07,Poland
Artus,Ross,arossaz@va.gov,Male,2025-03-11,Ukraine
Elita,Hubbert,,Female,2024-05-25,Sierra Leone
Zebedee,Charrette,zcharretteb1@youtube.com,Genderqueer,2025-03-12,Togo
Cordy,Biggam,cbiggamb2@qq.com,Female,2025-01-14,Indonesia
Darcee,Antoniades,dantoniadesb3@jigsy.com,Female,2024-12-09,Ukraine
Luise,Izak,lizakb4@blog.com,Female,2025-01-17,Ecuador
Karisa,Robelin,krobelinb5@google.ru,Female,2024-11-17,Indonesia
Fabien,Yurchishin,fyurchishinb6@irs.gov,Male,2025-02-01,China
Zacharia,Barthrup,zbarthrupb7@studiopress.com,Bigender,2024-07-19,Indonesia
Margaretta,Stoakes,mstoakesb8@sbwire.com,Bigender,2024-04-20,Argentina
Vassili,Bassam,vbassamb9@netvibes.com,Male,2024-09-09,Malaysia
Krisha,Redemile,kredemileba@youtu.be,Male,2024-12-24,China
Shalom,Pomfrett,spomfrettbb@booking.com,Male,2025-01-16,Indonesia
Edy,MacQuarrie,,Female,2025-02-12,Russia
Bucky,Jahnisch,bjahnischbd@mapy.cz,Male,2024-06-03,China
Madeline,Bilborough,mbilboroughbe@sciencedaily.com,Female,2024-04-19,China
Deidre,Volette,dvolettebf@jimdo.com,Female,2024-10-15,Sweden
Alleyn,Pinkerton,apinkertonbg@wikimedia.org,Male,2024-08-23,Philippines
Eldridge,Morrallee,,Male,2024-09-19,Argentina
Tod,Titchen,ttitchenbi@cloudflare.com,Male,2024-09-14,China
Olav,Trussler,otrusslerbj@csmonitor.com,Polygender,2024-09-18,Portugal
Myrtia,Quilliam,mquilliambk@cmu.edu,Female,2024-07-20,Egypt
Cleopatra,Ahearne,cahearnebl@list-manage.com,Female,2024-07-24,Mauritius
Cos,Zanneli,czannelibm@webnode.com,Agender,2024-10-17,China
Magdalen,Hablot,mhablotbn@cocolog-nifty.com,Female,2024-04-24,Indonesia
Ilse,Chicco,,Polygender,2024-09-22,Indonesia
Hebert,Dimitresco,hdimitrescobp@mediafire.com,Male,2025-02-21,Australia
Estella,Learoyd,elearoydbq@goo.gl,Female,2024-09-05,China
Glenden,Simco,gsimcobr@tinyurl.com,Male,2024-06-05,China
Brear,Doig,bdoigbs@acquirethisname.com,Female,2024-07-17,Philippines
Lucio,Danelutti,ldaneluttibt@amazon.de,Male,2025-04-07,South Korea
Leila,Syrett,lsyrettbu@oakley.com,Female,2024-11-26,Palestinian Territory
Rawley,Brew,rbrewbv@networksolutions.com,Male,2024-12-08,Japan
Mar,Cuberley,mcuberleybw@gravatar.com,Male,2024-10-23,Colombia
Leif,Meddings,lmeddingsbx@slashdot.org,Male,2024-09-09,China
Thornie,Niessen,tniessenby@abc.net.au,Agender,2025-02-18,Indonesia
Jarib,Allans,,Male,2024-11-04,Uruguay
Fiann,Leggin,flegginc0@google.co.jp,Female,2025-01-26,Morocco
Cristin,Lorroway,,Female,2025-01-09,Russia
Kingsly,Bunn,,Male,2025-01-26,Japan
Sterne,Lockney,,Male,2024-04-26,Vietnam
Aloisia,Gilders,agildersc4@un.org,Female,2024-10-06,China
Natale,McIlwain,,Male,2024-09-19,Colombia
Mohandis,Smoth,msmothc6@joomla.org,Genderqueer,2025-01-24,China
Welch,Stonuary,wstonuaryc7@gizmodo.com,Male,2024-08-01,China
Bertina,McGrah,,Polygender,2024-04-16,China
Coralie,Manhare,cmanharec9@live.com,Female,2024-08-30,Egypt
Maxie,Philippet,mphilippetca@wired.com,Polygender,2024-04-09,Indonesia
Corbett,Talby,ctalbycb@miibeian.gov.cn,Male,2024-07-08,Vietnam
Tiebold,Halahan,,Male,2024-09-26,Russia
Sibyl,Eglin,seglincd@yolasite.com,Male,2024-07-09,Uganda
Kerstin,Arnefield,karnefieldce@so-net.ne.jp,Female,2025-03-25,Philippines
Livia,Mussolini,lmussolinicf@alibaba.com,Female,2024-09-26,China
Audrey,Sanney,asanneycg@about.me,Female,2025-04-06,Philippines
Kenna,Todarini,,Female,2024-05-29,Japan
Hilarius,Shave,hshaveci@chronoengine.com,Male,2025-03-05,Philippines
Koralle,Dommett,,Female,2024-08-02,Argentina
Kitty,Gianasi,kgianasick@jalbum.net,Female,2025-01-23,Russia
Nefen,Tunaclift,ntunacliftcl@addthis.com,Male,2024-12-17,Honduras
Marilyn,Benn,mbenncm@ted.com,Bigender,2024-07-21,Canada
Amaleta,Tassell,,Female,2025-02-05,Cape Verde
Brnaby,Danilchev,bdanilchevco@github.com,Male,2024-08-14,China
Ulrick,Paddefield,upaddefieldcp@java.com,Male,2024-04-26,Finland
Sammie,Lesurf,,Male,2024-12-05,Indonesia
Todd,Ratledge,tratledgecr@intel.com,Male,2024-09-05,China
Atlanta,Power,,Female,2024-06-22,Philippines
Tresa,Dyott,tdyottct@google.nl,Female,2024-09-13,Philippines
Reginald,Whettleton,,Male,2024-10-17,Indonesia
Jdavie,Figiovanni,jfigiovannicv@eepurl.com,Male,2025-02-28,Bulgaria
Fayre,Foulgham,ffoulghamcw@pbs.org,Female,2025-03-12,China
Johnny,Game,,Male,2024-08-09,China
Dom,Pakenham,,Male,2024-07-24,China
Alexis,Goublier,agoubliercz@ft.com,Male,2024-05-21,China
Maitilde,Astlet,mastletd0@e-recht24.de,Female,2024-10-02,Japan
Regan,Gerardeaux,,Female,2024-06-22,Kenya
Elora,Mingey,emingeyd2@biglobe.ne.jp,Polygender,2025-02-09,France
Mamie,Argont,,Female,2024-04-20,Indonesia
Cully,McPhate,cmcphated4@nature.com,Male,2024-05-12,China
Eden,Ridhole,eridholed5@tripadvisor.com,Female,2024-04-14,China
Corie,Eldridge,celdridged6@ifeng.com,Female,2025-02-05,Russia
Teddi,Brisse,tbrissed7@answers.com,Agender,2025-03-20,Argentina
Brig,Ingley,bingleyd8@si.edu,Male,2024-05-25,Croatia
Odele,Seed,oseedd9@miibeian.gov.cn,Female,2025-01-26,China
Jaimie,Ricciardi,jricciardida@sciencedaily.com,Female,2024-09-14,France
Hamnet,Hemstead,hhemsteaddb@g.co,Male,2024-05-29,Canada
Aloysius,Cannon,acannondc@over-blog.com,Male,2024-09-25,Macedonia
Pattie,Woodrough,,Male,2024-11-15,Peru
Guenevere,Wanka,,Non-binary,2025-02-07,Indonesia
Boone,O'Hearn,,Male,2025-03-04,Egypt
Jocelyne,Kunzelmann,jkunzelmanndg@mediafire.com,Genderqueer,2024-08-24,China
Jordon,Reicherz,,Male,2025-04-04,Brazil
Roscoe,Tinan,,Male,2025-04-06,China
Carilyn,O'Lennachain,colennachaindj@netvibes.com,Female,2024-10-28,Portugal
Nehemiah,Bellefant,,Male,2025-02-18,Sweden
Con,Ord,corddl@unesco.org,Male,2024-12-28,China
Fonsie,Durbridge,,Male,2024-08-11,Madagascar
Alberto,Swetman,aswetmandn@desdev.cn,Male,2024-12-20,France
Jess,Jore,jjoredo@uol.com.br,Genderfluid,2025-02-10,Philippines
Izzy,Hannan,ihannandp@over-blog.com,Male,2024-11-21,Indonesia
Aggy,Blannin,ablannindq@cargocollective.com,Female,2025-01-09,Portugal
Thatcher,Bernot,,Male,2024-07-13,Indonesia
Jamal,Constance,jconstanceds@ox.ac.uk,Male,2025-01-14,Thailand
Abeu,Chisman,achismandt@webeden.co.uk,Male,2024-09-18,Serbia
Lemuel,Muddicliffe,lmuddicliffedu@blinklist.com,Male,2025-01-30,Thailand
Esma,Barnwall,ebarnwalldv@t-online.de,Female,2024-05-16,Thailand
Myrna,Larver,,Female,2024-09-07,Azerbaijan
Ame,Levene,alevenedx@163.com,Non-binary,2024-06-11,Chile
Bartie,Heimes,bheimesdy@sbwire.com,Male,2024-12-27,China
Darda,Catcherside,dcatchersidedz@jiathis.com,Female,2024-11-13,Honduras
Adeline,Snape,asnapee0@squidoo.com,Female,2024-10-06,United States
Aymer,McComas,amccomase1@nih.gov,Polygender,2025-03-10,United States
Raymond,Luparto,rlupartoe2@dyndns.org,Male,2025-04-01,Brazil
Vivianna,Micka,vmickae3@sciencedirect.com,Female,2024-09-22,China
Chantal,Goodbody,cgoodbodye4@ask.com,Female,2024-06-21,France
Alphonse,Jinkinson,,Male,2024-10-08,France
Jeralee,Marquez,jmarqueze6@tripod.com,Female,2024-06-28,China
Kipp,Mundy,kmundye7@hc360.com,Female,2024-11-24,Philippines
Bevon,Swedeland,bswedelande8@mapy.cz,Male,2024-05-23,Philippines
Blakelee,Dunk,bdunke9@bloomberg.com,Female,2024-10-26,China
Chadwick,Bulcock,cbulcockea@odnoklassniki.ru,Male,2024-09-02,China
Alwyn,Fontanet,afontaneteb@nps.gov,Male,2025-02-09,France
Krystal,Wenderoth,kwenderothec@cdc.gov,Female,2024-10-02,Brazil
Aurea,Grishaev,agrishaeved@weather.com,Female,2024-07-26,France
Violetta,Gaddas,,Female,2025-01-08,Papua New Guinea
Trstram,Keenlyside,tkeenlysideef@weather.com,Male,2024-08-05,Palestinian Territory
Berny,Silbermann,bsilbermanneg@spiegel.de,Male,2025-03-25,Uruguay
Worthington,Ozanne,wozanneeh@opera.com,Male,2024-06-23,Ecuador
Mariann,O'Garmen,,Female,2024-07-20,Portugal
Milzie,Caustic,mcausticej@cdc.gov,Female,2024-10-09,Philippines
Rhys,Skinn,rskinnek@ihg.com,Male,2024-05-24,Japan
Mortimer,Heinzel,,Male,2024-12-31,China
Nerty,Canas,ncanasem@salon.com,Female,2025-01-14,Trinidad and Tobago
Augustin,Concannon,aconcannonen@symantec.com,Male,2024-11-30,Indonesia
Terrance,Hansberry,,Male,2024-06-23,Guatemala
Wheeler,Spleving,wsplevingep@youtu.be,Male,2024-12-08,China
Brunhilde,Dobkin,bdobkineq@angelfire.com,Female,2024-11-04,South Korea
Wang,Kelf,,Male,2024-07-18,Portugal
Alberik,Bernholt,abernholtes@addtoany.com,Agender,2024-05-15,China
Yvor,Coverdale,ycoverdaleet@japanpost.jp,Male,2024-11-30,Canada
Helyn,Dupey,hdupeyeu@forbes.com,Genderqueer,2025-04-05,China
Benedick,Bedle,bbedleev@patch.com,Male,2024-09-21,China
Junette,Castangia,jcastangiaew@posterous.com,Female,2024-12-29,Indonesia
Penrod,Mosen,,Male,2024-07-26,Kosovo
Lowe,McLaughlin,,Male,2024-12-19,Mexico
Darius,Littlemore,dlittlemoreez@craigslist.org,Male,2024-06-13,Indonesia
Rosalynd,MacCarter,rmaccarterf0@blogtalkradio.com,Female,2024-09-06,Iran
Ferris,Shapcote,fshapcotef1@europa.eu,Male,2024-07-16,Greece
Todd,Marlow,,Male,2024-12-06,China
Ethel,Spurnier,,Female,2025-02-01,Philippines
Kellina,Keyme,kkeymef4@yellowpages.com,Female,2024-05-29,China
Dasha,Guitt,dguittf5@ibm.com,Female,2024-04-16,Colombia
Lindsey,Burgh,lburghf6@goo.gl,Female,2024-06-07,Russia
Hakim,Venditti,hvendittif7@feedburner.com,Male,2024-09-04,Philippines
Angie,Spofford,aspoffordf8@deviantart.com,Female,2024-07-29,Czech Republic
Ella,Yanov,,Female,2024-05-03,Mexico
Carlina,Talby,,Female,2024-11-08,Poland
Cullen,Schmidt,cschmidtfb@apple.com,Male,2025-01-25,China
Eileen,Sygrove,,Female,2024-07-10,Indonesia
Annaliese,Stennet,,Female,2024-10-29,China
Elane,Fritter,efritterfe@time.com,Female,2025-03-12,Ethiopia
Juliette,Blindermann,jblindermannff@illinois.edu,Polygender,2024-05-12,Finland
Stinky,Calton,scaltonfg@yolasite.com,Male,2024-08-11,China
Willis,Haller,whallerfh@twitpic.com,Male,2024-04-30,Tunisia
Verile,Brookzie,,Female,2025-03-11,China
Josselyn,Lawlor,,Female,2024-07-20,China
Say,Belsham,sbelshamfk@ning.com,Male,2024-11-27,Canada
Hernando,Attrill,hattrillfl@prweb.com,Bigender,2024-11-23,Argentina
Klaus,Mitcham,kmitchamfm@plala.or.jp,Male,2024-08-07,China
Kizzee,Dudin,kdudinfn@tiny.cc,Female,2024-12-22,Russia
Mozelle,Veschambre,mveschambrefo@vistaprint.com,Female,2024-11-04,Brazil
Hamlin,Pargiter,hpargiterfp@washington.edu,Male,2024-10-02,Sweden
Radcliffe,Domeney,,Bigender,2024-10-27,Russia
Celka,Corbett,ccorbettfr@amazon.co.uk,Female,2024-05-24,Ukraine
Fidelity,Esome,fesomefs@g.co,Female,2025-03-13,Honduras
Purcell,MacTeggart,pmacteggartft@columbia.edu,Male,2024-05-16,Tajikistan
Demetrius,Waymont,dwaymontfu@fc2.com,Male,2024-09-24,Russia
Crawford,Mostin,cmostinfv@rediff.com,Male,2024-05-16,Morocco
Oona,Gwatkin,ogwatkinfw@vkontakte.ru,Female,2024-05-05,Bulgaria
Micki,Brewitt,mbrewittfx@ucoz.com,Female,2024-12-18,Indonesia
Patti,Conichie,pconichiefy@fda.gov,Female,2025-03-20,Venezuela
Saleem,Copas,scopasfz@oaic.gov.au,Male,2024-08-22,Macedonia
Hubie,Houltham,hhoulthamg0@1und1.de,Male,2024-11-18,Dominican Republic
Ricoriki,Sumers,rsumersg1@house.gov,Male,2024-11-12,Russia
Dallas,O'Cahsedy,,Female,2024-10-23,Argentina
Trude,Febre,tfebreg3@sciencedirect.com,Female,2024-06-06,Bosnia and Herzegovina
Addie,Govenlock,agovenlockg4@unc.edu,Female,2025-01-12,Indonesia
Ainsley,Wildbore,awildboreg5@networksolutions.com,Genderqueer,2024-11-15,Greece
Robbin,Gladwish,,Female,2025-01-05,Philippines
Hillary,Maffioletti,,Male,2024-10-09,China
Greta,Drain,gdraing8@wordpress.org,Female,2024-05-02,Indonesia
Nedi,Badwick,nbadwickg9@arstechnica.com,Female,2024-05-06,United States
Moore,Betjes,mbetjesga@posterous.com,Male,2024-08-27,Benin
Jane,Cristofor,,Female,2024-09-09,Sweden
David,Skeels,dskeelsgc@topsy.com,Male,2025-03-28,Russia
Ilario,Beeke,ibeekegd@123-reg.co.uk,Male,2024-11-28,Indonesia
Thekla,Panswick,,Female,2024-08-28,Czech Republic
Kalvin,Ubsdall,kubsdallgf@paypal.com,Male,2025-02-28,Czech Republic
Georgeanne,Zamboniari,gzamboniarigg@amazon.com,Female,2024-11-05,Czech Republic
Toni,Gooke,,Female,2024-05-06,Portugal
Sid,Probbin,sprobbingi@miibeian.gov.cn,Male,2024-08-11,China
Kristian,Titterell,ktitterellgj@google.fr,Male,2024-07-25,Russia
Pippa,Toffel,ptoffelgk@sogou.com,Female,2025-01-04,Indonesia
Dayna,Hyndes,dhyndesgl@pbs.org,Female,2024-12-17,France
Osborn,Sharrock,,Male,2024-05-30,Brazil
Malissia,Hagston,mhagstongn@jigsy.com,Female,2024-10-24,Nigeria
Amalie,Woolard,,Female,2025-02-09,Croatia
Crissy,Peal,,Female,2025-02-20,China
Barbara,Howling,bhowlinggq@buzzfeed.com,Agender,2024-06-11,Indonesia
Bob,Kobiera,bkobieragr@google.it,Male,2024-08-19,Russia
Baird,Sawart,bsawartgs@uol.com.br,Male,2025-02-24,Russia
Alphard,Jefferies,ajefferiesgt@ustream.tv,Male,2025-04-01,China
Maure,Downer,mdownergu@patch.com,Female,2024-05-13,Indonesia
Tedmund,Halfacre,,Male,2024-11-21,China
Elnore,Yakobowitch,eyakobowitchgw@hatena.ne.jp,Female,2024-08-17,Netherlands
Inessa,Winny,iwinnygx@spiegel.de,Female,2025-03-27,Russia
Sauncho,Rothwell,srothwellgy@amazon.de,Male,2025-01-05,Nicaragua
Jeane,Mohammed,,Female,2025-01-02,Vietnam
Gerald,Grieveson,ggrievesonh0@diigo.com,Male,2024-06-06,Japan
Duane,Amburgy,damburgyh1@t-online.de,Male,2024-11-07,Philippines
Jacinda,Tregaskis,jtregaskish2@prweb.com,Female,2024-05-28,Indonesia
Elga,Nealey,,Polygender,2025-03-19,China
Nari,Thom,nthomh4@slate.com,Female,2024-12-12,China
Gonzales,Janway,gjanwayh5@purevolume.com,Genderqueer,2024-06-26,Luxembourg
Celestina,Beagley,,Female,2025-02-07,Philippines
Robb,Russ,rrussh7@netscape.com,Male,2024-06-05,Afghanistan
Kleon,Mumberson,kmumbersonh8@prnewswire.com,Male,2024-08-06,Mexico
Zechariah,Starkie,zstarkieh9@globo.com,Male,2024-10-02,China
Emalee,Steanyng,esteanyngha@vistaprint.com,Female,2025-03-06,Russia
Florie,Callway,fcallwayhb@comsenz.com,Non-binary,2025-02-09,China
Cam,Hallin,challinhc@youtube.com,Genderqueer,2024-07-19,Ecuador
Sonja,Laydel,slaydelhd@devhub.com,Female,2024-10-26,China
Tiphani,Deely,,Female,2024-11-23,Indonesia
Tommie,Symons,tsymonshf@blinklist.com,Male,2025-03-29,Brazil
Bordy,Rantoull,brantoullhg@uiuc.edu,Male,2024-10-20,United States
Aretha,Vlasyuk,avlasyukhh@live.com,Agender,2024-07-18,Poland
Prudence,Kilgallen,pkilgallenhi@umn.edu,Female,2024-09-30,Lithuania
Eustace,Slocomb,eslocombhj@drupal.org,Male,2024-07-18,Poland
Rees,Benezet,rbenezethk@buzzfeed.com,Polygender,2024-09-07,Luxembourg
Hillel,Fresson,,Male,2024-10-12,China
Ingelbert,Ferras,iferrashm@studiopress.com,Male,2024-11-24,Libya
Shawna,Bessell,sbessellhn@opensource.org,Female,2024-11-30,Luxembourg
Humbert,Adkin,hadkinho@mozilla.org,Male,2024-08-09,Colombia
Raye,Anten,rantenhp@techcrunch.com,Female,2024-06-30,Tanzania
Finlay,Zarfat,,Male,2024-05-17,Czech Republic
Bail,Cohr,bcohrhr@cafepress.com,Male,2024-07-04,Argentina
Marwin,Wanell,mwanellhs@reuters.com,Male,2024-11-23,Indonesia
Mohandis,Guidotti,mguidottiht@un.org,Male,2024-11-14,Argentina
Valentina,Hakey,vhakeyhu@netvibes.com,Female,2024-10-16,France
Charlotta,Bramstom,cbramstomhv@shutterfly.com,Female,2024-10-04,Peru
Myrtice,Tinmouth,mtinmouthhw@irs.gov,Female,2024-11-27,Indonesia
Coletta,Ackery,,Female,2025-04-03,Mexico
Woodman,Gibb,wgibbhy@thetimes.co.uk,Male,2024-05-01,Ethiopia
Joseph,Glasson,jglassonhz@ustream.tv,Male,2024-06-27,Sweden
Cookie,Sparham,,Female,2024-05-31,Indonesia
Kalil,Pentecust,kpentecusti1@a8.net,Male,2025-01-23,China
Alair,Banaszczyk,,Male,2025-01-27,Greece
Elias,Sherborn,esherborni3@guardian.co.uk,Male,2024-08-03,Kazakhstan
Katheryn,Simione,ksimionei4@wordpress.com,Female,2025-04-08,Russia
Ainslie,Matteau,,Female,2025-02-13,Cuba
Bernie,Twiddell,,Female,2024-04-17,Indonesia
Emili,Work,eworki7@vimeo.com,Female,2024-11-20,Philippines
Albert,Bailes,abailesi8@cam.ac.uk,Male,2025-01-20,Norway
Reina,Raggett,rraggetti9@imgur.com,Polygender,2024-09-16,France
Kata,Aronin,karoninia@cyberchimps.com,Female,2024-10-19,China
Riane,Tight,,Female,2024-10-05,Portugal
Helenelizabeth,Gehring,,Female,2024-09-15,Canada
Kira,McLleese,kmclleeseid@imdb.com,Female,2024-08-13,Russia
Myrtie,Cirlos,mcirlosie@sohu.com,Female,2024-11-25,Russia
Willey,Snowding,wsnowdingif@joomla.org,Male,2024-08-31,Russia
Gray,Greatham,ggreathamig@istockphoto.com,Female,2025-02-19,China
Emogene,Zorener,,Female,2024-12-14,China
Odell,Whatham,,Male,2024-04-20,Thailand
Ariella,Vittery,,Female,2024-10-27,Greece
Willette,Simester,wsimesterik@vk.com,Female,2025-04-02,Laos
Peder,McGowing,pmcgowingil@discovery.com,Non-binary,2024-10-28,Indonesia
Dewitt,Frew,dfrewim@mapquest.com,Male,2025-01-27,Portugal
Garek,Grigorushkin,ggrigorushkinin@eepurl.com,Male,2024-04-17,Luxembourg
Ashleigh,Zoanetti,azoanettiio@springer.com,Female,2024-10-06,Samoa
Karen,Lode,,Female,2024-04-26,China
Asia,Alessandrucci,,Female,2024-09-04,Tanzania
Tomas,McElree,tmcelreeir@google.co.uk,Male,2024-05-27,Serbia
Kora,Camilli,,Female,2024-06-09,Argentina
Jacenta,Christiensen,,Female,2025-03-28,Madagascar
Celene,Cassella,ccassellaiu@skyrock.com,Female,2024-08-06,Bolivia
Daniel,Phorsby,dphorsbyiv@symantec.com,Male,2024-11-06,United States
Charline,Moncur,cmoncuriw@bing.com,Female,2024-09-30,China
Aprilette,Sarten,asartenix@ftc.gov,Genderfluid,2024-10-03,Mali
Curr,Jose,,Male,2024-09-29,United States
Marylynne,Spellman,,Female,2024-12-11,Philippines
Honey,Mitchelhill,,Female,2024-07-27,Brazil
Hector,O'Heffernan,,Male,2024-12-04,Indonesia
Bette,Feedome,,Bigender,2024-06-15,China
Valentia,Huban,vhubanj3@tuttocitta.it,Female,2025-02-10,Russia
Alexine,Brimman,,Female,2024-07-05,Russia
Maighdiln,Bonas,,Female,2025-03-30,Afghanistan
Marcia,Sheraton,msheratonj6@cargocollective.com,Genderfluid,2024-07-09,China
Odo,Persse,operssej7@deliciousdays.com,Male,2024-07-16,China
Crystal,Louisot,clouisotj8@oakley.com,Female,2024-12-10,Yemen
Engelbert,Dockree,edockreej9@scientificamerican.com,Genderfluid,2024-11-11,China
Shea,Marshal,smarshalja@state.tx.us,Male,2024-11-28,China
Tasia,Antonietti,,Female,2024-08-08,Oman
Sharla,Savill,ssavilljc@umich.edu,Female,2024-11-08,Poland
Waring,Ramsell,wramselljd@ox.ac.uk,Genderqueer,2025-01-15,Brazil
Damien,Aksell,daksellje@de.vu,Male,2024-11-03,United States
Maddy,MacAindreis,,Genderqueer,2025-02-19,Indonesia
Alina,Spensley,aspensleyjg@comcast.net,Female,2024-09-15,Ukraine
Tallou,Flanigan,tflaniganjh@prweb.com,Female,2025-02-18,China
Constanta,Faireclough,cfairecloughji@nba.com,Female,2024-06-01,Philippines
Genny,Felderer,gfeldererjj@mapy.cz,Female,2025-01-17,China
Debora,Chivrall,dchivralljk@imdb.com,Genderfluid,2024-04-26,Aland Islands
Danit,Shelliday,dshellidayjl@w3.org,Female,2024-12-02,Brazil
Carney,Muzzini,cmuzzinijm@wisc.edu,Male,2024-06-22,United States
Jarret,Meacher,jmeacherjn@about.me,Male,2025-02-26,Colombia
Babs,Ballendine,bballendinejo@odnoklassniki.ru,Non-binary,2024-05-16,Bangladesh
Rafaelita,Bartkowiak,,Female,2024-11-19,Indonesia
Tammy,MacNamee,tmacnameejq@wired.com,Male,2024-06-06,Greece
Brynne,Lulham,blulhamjr@phoca.cz,Female,2025-02-12,Serbia
Rafe,Pitney,,Male,2024-10-13,China
Ania,Klima,aklimajt@goodreads.com,Female,2025-03-03,Thailand
Rosamund,Malacrida,,Female,2025-02-06,Indonesia
Francisca,Lowen,flowenjv@cbslocal.com,Female,2025-01-12,France
Ashleigh,Brian,abrianjw@earthlink.net,Female,2025-02-20,Malta
Ambrose,Artrick,,Male,2024-05-07,South Korea
Bren,Joskowicz,bjoskowiczjy@yellowpages.com,Bigender,2024-05-09,China
Sadella,Stidever,sstideverjz@ezinearticles.com,Female,2024-06-24,Russia
Griffy,Ferryn,gferrynk0@google.com.br,Male,2024-12-21,Philippines
Humfried,Coldbath,hcoldbathk1@pcworld.com,Male,2024-12-05,Kenya
Issy,Mazey,imazeyk2@time.com,Female,2024-08-17,Colombia
Wildon,Munt,wmuntk3@angelfire.com,Male,2024-08-03,Poland
Kerianne,Micco,kmiccok4@google.pl,Female,2024-08-26,Poland
Avictor,O'Carmody,aocarmodyk5@businessweek.com,Male,2024-10-09,Russia
Ivie,Birrane,,Female,2024-05-15,Czech Republic
Sherilyn,McKie,smckiek7@dell.com,Female,2024-10-10,Indonesia
Aridatha,MacTrustram,amactrustramk8@meetup.com,Female,2024-12-24,Portugal
Eartha,Batters,,Female,2024-06-07,China
Christian,Borthwick,cborthwickka@opensource.org,Male,2025-01-27,Syria
Zabrina,Ruppel,,Female,2025-01-17,Canada
Farleigh,Couves,fcouveskc@jalbum.net,Male,2025-02-25,Philippines
Hewett,Teare,htearekd@symantec.com,Male,2025-03-03,China
Ad,Guiet,aguietke@google.es,Male,2024-09-12,Argentina
Orson,Kubasek,okubasekkf@vimeo.com,Male,2024-12-12,China
Peyton,Swayne,,Male,2024-04-16,China
Orelee,Gilbee,,Genderfluid,2024-09-25,Indonesia
Chlo,Somerbell,csomerbellki@umich.edu,Female,2024-05-26,Portugal
Marguerite,Fassan,mfassankj@shinystat.com,Female,2024-12-03,China
Stella,Minard,sminardkk@alexa.com,Female,2024-05-29,France
Berke,Angliss,banglisskl@reddit.com,Male,2024-09-28,China
Athena,Thursby,athursbykm@merriam-webster.com,Female,2024-07-07,China
Davon,Offa,,Male,2024-10-08,China
Chiarra,Pedlow,cpedlowko@cloudflare.com,Female,2024-08-02,Brazil
Jeannie,Marfell,,Agender,2024-07-28,China
Blane,Townend,btownendkq@diigo.com,Male,2025-01-15,China
Nathaniel,Kanter,,Bigender,2025-01-24,Egypt
Nonna,Squire,nsquireks@technorati.com,Female,2024-05-07,Poland
Standford,Clubbe,sclubbekt@npr.org,Bigender,2024-05-18,Colombia
Sully,Croster,scrosterku@uiuc.edu,Male,2024-07-23,Philippines
Laurie,Ricker,lrickerkv@parallels.com,Female,2024-11-19,Portugal
Waiter,Banbrick,,Bigender,2024-12-16,Georgia
Bertie,Townrow,btownrowkx@about.me,Male,2024-09-11,China
Rem,Lindenfeld,rlindenfeldky@ca.gov,Male,2024-12-19,China
Alyse,Hadlington,ahadlingtonkz@amazonaws.com,Female,2025-03-24,Sweden
Nedi,Adolphine,,Female,2024-10-13,Japan
Patrice,Darco,pdarcol1@barnesandnoble.com,Genderqueer,2024-09-29,North Korea
Tristam,Jambrozek,tjambrozekl2@about.me,Male,2024-06-16,Argentina
Elroy,Zieme,eziemel3@admin.ch,Male,2025-01-16,Nicaragua
Dalis,Lyosik,dlyosikl4@usgs.gov,Male,2024-04-27,Russia
Vinny,Teece,vteecel5@newsvine.com,Agender,2024-05-28,France
Mariska,Duckering,,Female,2025-01-25,South Africa
Ave,Scruton,,Male,2024-10-05,China
Ora,Dy,odyl8@ezinearticles.com,Female,2024-12-05,Poland
Glenna,Matussov,gmatussovl9@edublogs.org,Female,2024-09-25,China
Marita,Karoly,,Female,2024-04-15,Indonesia
Jae,Goadby,jgoadbylb@chronoengine.com,Male,2024-04-22,Philippines
Catlee,Spilisy,cspilisylc@fotki.com,Female,2024-10-24,Portugal
Kimberley,Mountain,kmountainld@smh.com.au,Female,2025-04-07,China
Karyn,Troup,ktrouple@dot.gov,Female,2024-10-30,China
Ed,Aleavy,ealeavylf@free.fr,Male,2025-03-05,Portugal
Halley,Kamiyama,,Female,2024-12-17,India
Channa,Jachimiak,cjachimiaklh@nydailynews.com,Female,2025-04-02,Philippines
Cinnamon,Capehorn,ccapehornli@shop-pro.jp,Female,2024-08-27,Pakistan
Craggy,Pothbury,cpothburylj@hatena.ne.jp,Male,2024-09-14,Brazil
Phil,Brace,pbracelk@hatena.ne.jp,Female,2024-06-13,Bangladesh
Fernande,Barhams,,Female,2024-10-25,Indonesia
Edgard,Bartalot,ebartalotlm@bizjournals.com,Male,2025-03-22,China
Tanny,Piatti,tpiattiln@arizona.edu,Male,2025-02-03,Burkina Faso
Abie,Pfeifer,apfeiferlo@go.com,Male,2025-01-07,Russia
Abba,Kobiela,akobielalp@drupal.org,Male,2024-12-16,Brazil
Gui,Vido,gvidolq@mozilla.org,Female,2024-05-30,Sweden
Carilyn,McGown,,Female,2024-08-27,Brazil
Kennett,Mooring,kmooringls@fastcompany.com,Male,2024-09-04,Uzbekistan
Dania,Woollhead,dwoollheadlt@netscape.com,Female,2024-08-02,Poland
Carlee,Velde,,Female,2024-08-02,Ukraine
Merry,Detoile,mdetoilelv@icio.us,Male,2024-06-04,Ukraine
Albertina,Ledson,aledsonlw@list-manage.com,Female,2024-12-24,Russia
Griff,Marshal,gmarshallx@oaic.gov.au,Male,2024-09-22,Peru
Rock,Marion,rmarionly@pagesperso-orange.fr,Male,2024-04-19,Japan
Nathanael,Bricknell,,Male,2024-05-14,Colombia
Vanya,Dayce,vdaycem0@salon.com,Male,2024-10-26,Poland
Mace,Brothwell,,Male,2024-12-12,Tunisia
Clark,MacCafferky,cmaccafferkym2@gnu.org,Male,2025-02-08,Indonesia
Elora,Badman,ebadmanm3@issuu.com,Female,2025-03-22,Honduras
Eamon,Abramovicz,eabramoviczm4@gnu.org,Male,2024-09-27,Canada
Andrei,Canadine,acanadinem5@ed.gov,Female,2024-05-09,France
Barry,MacKeogh,,Female,2024-08-23,South Africa
Estevan,Ghelardi,eghelardim7@friendfeed.com,Male,2024-12-15,Russia
Vyky,Dorracott,vdorracottm8@nih.gov,Female,2024-09-03,Japan
Lucille,Marquese,lmarquesem9@slashdot.org,Female,2024-09-21,Argentina
Madelaine,Schops,mschopsma@goo.gl,Female,2024-09-24,France
Gui,Gonthard,ggonthardmb@twitpic.com,Female,2024-07-21,Belarus
Ephrem,Klimentov,eklimentovmc@mail.ru,Male,2024-08-27,China
Maximilien,Cogle,,Male,2025-03-16,Finland
Natka,Alenin,naleninme@narod.ru,Female,2024-07-04,China
Allen,Mathan,,Male,2024-11-13,Brazil
Flo,Pikhno,fpikhnomg@amazonaws.com,Genderfluid,2024-07-14,Philippines
Kellby,De Paepe,kdepaepemh@zdnet.com,Male,2024-06-03,Peru
Rodolfo,Ucchino,rucchinomi@wix.com,Male,2024-08-28,United States
Udale,Cosyns,,Male,2025-01-19,China
Carlynn,Falck,cfalckmk@ask.com,Female,2025-02-16,China
Angelia,Drabble,adrabbleml@shutterfly.com,Female,2024-10-15,China
Chaddie,Vater,cvatermm@ihg.com,Male,2024-04-20,China
Griffith,Blackster,,Genderfluid,2024-09-06,United States
Cristionna,Alans,,Female,2024-07-13,Mongolia
Renado,Athridge,rathridgemp@ebay.com,Male,2024-08-28,Greece
Kirk,Casarini,kcasarinimq@wordpress.com,Male,2025-01-17,China
Cyrill,McBrady,,Male,2024-07-14,Mauritius
Vincenz,Natte,vnattems@multiply.com,Male,2024-07-17,China
Jeffry,Ferrolli,jferrollimt@senate.gov,Male,2024-07-10,France
Franzen,Wilsdon,,Male,2024-06-06,Morocco
Beverley,Pablos,,Female,2024-08-06,China
Helenka,Bellenie,hbelleniemw@jiathis.com,Female,2025-02-14,China
Sherilyn,Daens,sdaensmx@newsvine.com,Female,2024-06-05,Tanzania
Catina,Lardiner,clardinermy@nasa.gov,Genderfluid,2025-03-18,Kazakhstan
Putnem,Godard,pgodardmz@google.ca,Male,2025-01-29,Portugal
Dyana,Gittens,dgittensn0@1688.com,Female,2024-12-22,China
Eleanor,McCreedy,emccreedyn1@huffingtonpost.com,Female,2025-03-15,France
Jimmie,Dionis,jdionisn2@toplist.cz,Male,2024-05-31,Thailand
Aurelia,Sherry,,Female,2024-10-29,Serbia
Leena,Humberstone,lhumberstonen4@apple.com,Female,2024-08-06,Sweden
Ashlie,Done,adonen5@prweb.com,Female,2025-01-26,Russia
Jo-ann,Brunel,jbruneln6@sohu.com,Female,2025-03-28,Russia
Orson,Casaroli,ocasarolin7@dmoz.org,Male,2024-08-25,Estonia
Price,Brede,pbreden8@usnews.com,Male,2025-03-08,Russia
Luciano,Ferrario,,Male,2025-03-19,Panama
Fred,Birchwood,,Female,2024-12-23,Poland
Travus,Cahill,tcahillnb@typepad.com,Male,2025-02-14,Tanzania
Lelah,Grieg,lgriegnc@wired.com,Female,2024-05-21,Greece
Iago,Reignolds,,Male,2025-03-17,Poland
Milicent,Duckerin,mduckerinne@wordpress.com,Female,2024-08-26,China
Marni,Varey,mvareynf@nyu.edu,Female,2025-03-31,United States
Elvina,Kurton,,Bigender,2024-10-05,Russia
Reese,Rosin,rrosinnh@adobe.com,Male,2024-07-10,Japan
Guthrie,Gresly,,Bigender,2024-07-16,Burkina Faso
Lizbeth,Saunier,lsauniernj@netlog.com,Female,2025-03-27,Dominican Republic
Orsola,Winny,owinnynk@list-manage.com,Female,2024-11-22,Tanzania
Tirrell,Spadelli,tspadellinl@si.edu,Agender,2025-02-16,Netherlands
Clarinda,Walentynowicz,cwalentynowicznm@netvibes.com,Female,2024-05-26,China
Claudine,Daunter,,Female,2024-06-12,China
Tynan,McDermott,tmcdermottno@businesswire.com,Genderfluid,2024-05-10,Indonesia
Constantine,Donaghie,,Male,2024-06-04,France
Mitch,Schorah,mschorahnq@economist.com,Male,2025-02-11,Indonesia
Fitzgerald,Banat,fbanatnr@canalblog.com,Male,2024-10-02,Brazil
Donovan,Doret,ddoretns@netscape.com,Male,2025-03-26,Azerbaijan
Avril,Matczak,amatczaknt@businessinsider.com,Female,2024-10-23,China
Jilli,McEvon,jmcevonnu@sohu.com,Female,2024-08-12,East Timor
Amberly,Oldall,,Female,2024-06-25,Moldova
Marthe,Blunsum,mblunsumnw@japanpost.jp,Female,2024-12-08,Russia
Farrand,Lunny,flunnynx@simplemachines.org,Female,2024-04-17,Madagascar
Flossie,Forsard,,Female,2024-10-13,Peru
Artur,Landman,alandmannz@nymag.com,Male,2024-05-01,Sweden
Alleen,Doeg,adoego0@dropbox.com,Female,2025-02-27,Poland
Crystie,Clandillon,cclandillono1@google.fr,Female,2024-09-23,Yemen
Ermina,Dellenty,edellentyo2@zdnet.com,Female,2024-12-20,Indonesia
Cordie,Fumagallo,,Male,2024-10-01,Colombia
Carleen,Brightie,cbrightieo4@unicef.org,Female,2025-02-25,Russia
Nicole,Jessard,,Female,2024-06-05,Libya
Erminie,Heffernan,eheffernano6@squidoo.com,Female,2025-03-11,Hong Kong
Teodoro,Fulker,tfulkero7@infoseek.co.jp,Male,2024-10-01,Portugal
Annabelle,Mathison,amathisono8@themeforest.net,Female,2024-04-23,China
Luella,Buckell,lbuckello9@edublogs.org,Female,2024-06-19,Costa Rica
Atalanta,Radenhurst,aradenhurstoa@google.co.uk,Female,2024-05-11,Indonesia
Simone,Jeacop,sjeacopob@homestead.com,Male,2024-07-23,China
Pate,Branchett,pbranchettoc@google.cn,Male,2024-05-15,Switzerland
Tabbie,Stollsteiner,tstollsteinerod@nsw.gov.au,Male,2024-04-21,Russia
Junina,Sprulls,jsprullsoe@issuu.com,Female,2024-11-21,Japan
Lorry,Flips,lflipsof@gravatar.com,Male,2024-12-12,Portugal
Alex,Powers,,Female,2024-04-27,Poland
Nickolaus,Grisdale,,Male,2024-06-18,China
Sawyer,Gossipin,sgossipinoi@answers.com,Male,2024-11-06,Benin
Kevan,Pridie,kpridieoj@mtv.com,Male,2024-06-22,China
Allissa,Daykin,adaykinok@nba.com,Female,2024-09-16,Indonesia
Ritchie,Youtead,,Male,2025-02-11,Jamaica
Chickie,Oswal,coswalom@yellowbook.com,Female,2024-10-10,Philippines
Halsy,Clyma,,Male,2024-11-14,Albania
Florina,Gartrell,fgartrelloo@homestead.com,Female,2024-07-13,China
Karrah,Pech,,Female,2025-03-31,Poland
Helaine,O'Fallone,hofalloneoq@illinois.edu,Female,2024-10-26,Palestinian Territory
Ginny,Huzzey,ghuzzeyor@google.es,Female,2025-01-29,North Korea
Shelba,Myott,,Female,2024-05-26,Sweden
Nevile,Paaso,,Male,2024-04-26,Sweden
Oriana,Nowaczyk,onowaczykou@chronoengine.com,Female,2025-02-08,Philippines
Rena,Pointer,rpointerov@dropbox.com,Female,2024-05-11,Ivory Coast
Joe,Pollok,jpollokow@ycombinator.com,Male,2024-06-26,Indonesia
Ofilia,Boneham,obonehamox@ftc.gov,Female,2024-10-20,East Timor
Kanya,Trotter,ktrotteroy@mayoclinic.com,Female,2024-06-18,Gambia
Giffer,Barabisch,gbarabischoz@geocities.jp,Male,2025-02-21,Sweden
Niels,Maddinon,nmaddinonp0@abc.net.au,Genderqueer,2024-05-30,China
Krissie,Charles,,Female,2025-01-21,Indonesia
La verne,Westhoff,,Genderfluid,2024-10-03,Brazil
Michail,Gemeau,mgemeaup3@imageshack.us,Male,2025-03-30,Bulgaria
Abdel,Shoesmith,ashoesmithp4@usa.gov,Male,2024-06-11,Russia
Karie,Arnow,karnowp5@state.gov,Female,2024-10-11,Finland
Marcellina,Nisby,,Female,2024-10-02,France
Keeley,Le Batteur,klebatteurp7@ftc.gov,Genderqueer,2024-11-13,Jordan
Reid,Chedzoy,rchedzoyp8@examiner.com,Male,2025-01-26,Poland
Osborne,Pie,opiep9@cpanel.net,Bigender,2024-09-18,China
Marlo,Libbis,mlibbispa@sbwire.com,Male,2024-05-20,Paraguay
Shayne,Beckson,sbecksonpb@goo.ne.jp,Female,2025-01-22,Canada
Willabella,Ingarfill,,Female,2024-05-07,Serbia
Naomi,Theze,nthezepd@mlb.com,Female,2024-11-20,Japan
Codie,Phayre,cphayrepe@comsenz.com,Female,2025-03-02,Indonesia
Lauraine,Yuranovev,lyuranovevpf@ftc.gov,Female,2024-07-07,Portugal
Ash,Boyne,aboynepg@usgs.gov,Male,2025-01-19,Argentina
Nev,Bucky,nbuckyph@a8.net,Male,2024-12-16,Peru
Willi,Ficken,wfickenpi@ovh.net,Male,2024-10-01,North Korea
Godiva,Colnett,,Female,2024-05-24,Russia
Priscella,Windaybank,pwindaybankpk@php.net,Agender,2024-05-30,Poland
Dunn,Dallander,ddallanderpl@mtv.com,Male,2024-04-27,Portugal
Vere,Fylan,,Female,2024-08-22,Mexico
Augustina,Wearn,,Female,2024-06-08,Vietnam
Poul,Grigs,,Male,2024-09-08,Philippines
Maribel,Andryushchenko,mandryushchenkopp@ask.com,Female,2025-01-14,Philippines
Nata,Tackes,ntackespq@phoca.cz,Female,2024-09-29,Russia
Ravid,Choake,rchoakepr@dell.com,Male,2024-05-17,Czech Republic
Lani,Cabbell,lcabbellps@mac.com,Female,2024-08-12,Philippines
Alex,McKenzie,,Male,2025-02-23,Portugal
Iosep,Cooney,icooneypu@joomla.org,Male,2024-09-23,Brazil
Zelda,Roscow,zroscowpv@delicious.com,Female,2025-02-27,United States
Brennen,Elegood,,Male,2024-12-21,Portugal
Harris,Salman,hsalmanpx@deliciousdays.com,Non-binary,2024-04-09,Japan
Willis,Mathwin,wmathwinpy@mtv.com,Male,2025-02-27,China
Tedi,Camier,tcamierpz@imdb.com,Female,2025-03-10,Indonesia
Rozanna,Hirthe,rhirtheq0@pcworld.com,Female,2024-04-30,Brazil
Cordie,Ellice,celliceq1@instagram.com,Female,2025-03-25,Indonesia
Patsy,MacElharge,,Female,2024-06-25,Philippines
Jeff,Cassell,,Male,2024-05-29,Sweden
Alleen,Biner,abinerq4@miitbeian.gov.cn,Agender,2024-07-21,Czech Republic
Glenna,Ommundsen,gommundsenq5@narod.ru,Female,2024-05-01,Spain
Carey,Fiddiman,,Male,2025-03-07,Syria
Tedman,Roskilly,,Male,2024-11-19,Poland
Pate,Loffhead,,Male,2024-07-10,Serbia
Salim,Pietruszka,spietruszkaq9@msu.edu,Genderfluid,2024-04-27,Indonesia
Tova,Adin,tadinqa@marketwatch.com,Female,2025-03-08,Indonesia
Terri,Valentin,tvalentinqb@twitter.com,Female,2024-11-16,Slovenia
Thorstein,Harsent,tharsentqc@shutterfly.com,Male,2024-11-07,Poland
Jeremiah,Robinet,jrobinetqd@answers.com,Male,2024-08-01,Philippines
Romola,Kaindl,,Female,2024-04-16,Portugal
Mallissa,Chittim,mchittimqf@cnbc.com,Female,2024-12-30,Portugal
Julissa,Wright,,Female,2025-03-08,Syria
Shermie,Escott,sescottqh@jiathis.com,Male,2024-04-19,China
Mathian,Cadwell,,Male,2025-02-15,Russia
Kerrill,Connichie,kconnichieqj@seattletimes.com,Female,2024-06-23,China
Darla,Pizzey,,Female,2024-09-11,Russia
Waly,Rudland,wrudlandql@etsy.com,Female,2024-10-21,Ivory Coast
Noble,Tappor,,Male,2024-08-28,Indonesia
Ellswerth,Sirkett,esirkettqn@bing.com,Male,2024-06-12,Sweden
Zolly,Loyley,zloyleyqo@webnode.com,Male,2024-07-18,El Salvador
Lucila,Semper,lsemperqp@house.gov,Female,2024-12-07,China
Rainer,Turnor,rturnorqq@accuweather.com,Male,2024-06-21,Bosnia and Herzegovina
Lefty,Mathews,,Male,2024-10-29,Serbia
Kat,Medlicott,kmedlicottqs@phoca.cz,Genderqueer,2024-12-18,Pakistan
Lauren,Folger,lfolgerqt@loc.gov,Male,2024-05-28,Palestinian Territory
Kelcie,Haysham,,Female,2024-06-08,Philippines
Niki,Houlison,nhoulisonqv@stumbleupon.com,Male,2024-08-17,Jordan
Marleen,Temblett,mtemblettqw@free.fr,Non-binary,2024-04-28,Saudi Arabia
Tressa,Jindracek,,Female,2024-06-07,United States
Erskine,Hatfield,,Male,2024-04-26,United States
Stanley,Griffith,sgriffithqz@yolasite.com,Male,2024-11-05,Indonesia
Carter,Isakov,cisakovr0@irs.gov,Male,2024-08-18,Mongolia
Papagena,Addyman,paddymanr1@hexun.com,Female,2024-07-04,South Africa
Juliann,Shord,,Female,2024-08-26,Zimbabwe
Therine,Donnett,tdonnettr3@moonfruit.com,Female,2024-10-26,Slovenia
Magdalen,Counsell,mcounsellr4@vinaora.com,Female,2024-05-22,Greece
Saundra,Rayworth,srayworthr5@pinterest.com,Female,2024-10-03,Mongolia
Jacenta,Malster,jmalsterr6@google.es,Female,2025-02-04,Russia
Johanna,Arrighetti,,Female,2024-06-01,Thailand
Madalena,Burtenshaw,mburtenshawr8@hc360.com,Female,2024-12-08,Liberia
Dougy,Tremelling,dtremellingr9@devhub.com,Male,2024-07-03,Indonesia
Merrily,Silversmid,msilversmidra@soundcloud.com,Female,2024-12-22,China
Daffy,Villaret,dvillaretrb@stumbleupon.com,Female,2024-06-29,Colombia
Pietro,Hasslocher,phasslocherrc@ftc.gov,Male,2024-05-30,Indonesia
Antoine,Shugg,ashuggrd@buzzfeed.com,Male,2024-06-12,Iran
Alica,Rippen,arippenre@cbsnews.com,Female,2024-07-18,Indonesia
Krista,Keizman,kkeizmanrf@marketwatch.com,Female,2025-02-16,Japan
Nertie,Kornes,nkornesrg@wp.com,Female,2024-10-08,China
Baird,Oxe,boxerh@java.com,Male,2025-02-26,Japan
Janey,O' Byrne,jobyrneri@wikia.com,Female,2025-02-05,China
Allen,Jacobi,,Male,2025-01-30,Russia
Merle,Ragless,mraglessrk@nationalgeographic.com,Male,2024-11-21,China
Rayna,Willison,,Female,2024-09-12,Portugal
Sylvia,Hugk,shugkrm@wikispaces.com,Female,2024-06-06,Sweden
Derrick,Wathey,dwatheyrn@statcounter.com,Male,2024-11-19,Philippines
Damiano,Yeudall,,Genderqueer,2024-07-29,China
Abagael,Boatwright,,Female,2025-03-31,China
Jakob,Dennidge,jdennidgerq@seattletimes.com,Male,2024-07-07,Venezuela
Lancelot,Han,lhanrr@livejournal.com,Male,2024-07-17,Brazil
